Post ID,Status (set to Approved to publish),Publish Date,Time,Platform,Format,Pillar,Hook,Caption / Script (use // for line breaks),On-Screen Text,Hashtags,CTA / Comment Trigger,Lead Magnet,Asset Link (Canva/video),Notes
SCPA-001,Draft,2026-07-21,12:00 PM,Facebook + Instagram,Reel,Entity / S-Corp,"If you're a profitable LLC and nobody has said 'S-Corp' to you, you're probably overpaying.","Hook: If you're a profitable LLC and nobody has mentioned 'S-Corp,' you're probably overpaying thousands. // Real example: a marketing consultant came to us clearing $120,000 as a single-member LLC — paying self-employment tax on all of it, about $18,400 for the year. // We filed the S-Corp election, set a reasonable salary of $65,000, and took the remaining $55,000 as distributions. // Payroll tax now applies only to the salary — roughly $9,900. Same income, same work, about $8,500 back in her pocket every year. // Comment 'SCORP' and I'll send you the free calculator that shows YOUR number. Save this — the election has a deadline. // Client details anonymized. Results vary. Educational only, not tax advice.",LLC vs S-Corp // $18,400 → $9,900 // Comment SCORP,#smallbusiness #scorp #taxtips #selfemployed #llc #taxstrategy #cpa,Comment 'SCORP',S-Corp Savings Calculator,,"v2: real-life example with full math added. Keep 'results vary' + 'not tax advice' disclaimer."
SCPA-002,Draft,2026-07-22,12:00 PM,Facebook + Instagram,Reel,Deductions,"Tracking mileage with a napkin? You just lost the deduction.","Hook: Tracking your business miles on a napkin? You just lost that deduction in an audit. // Real example: a realtor client drives about 160 miles a week showing homes — roughly 8,000 business miles a year. At $0.70/mile, that's a $5,600 deduction. // In an audit before she hired us, the IRS threw out her estimate because there was no contemporaneous log — date, miles, purpose. She lost the entire deduction, plus penalties. // Now a $5 mileage app logs every trip automatically. Same driving, $5,600 protected. // Comment 'MILES' for the free mileage calculator that does the math for you. // Client details anonymized. Educational only, not tax advice.",Napkin = $0 // 8,000 mi = $5,600 // Comment MILES,#mileage #taxdeductions #smallbusiness #selfemployed #1099 #taxtips #bookkeeping,Comment 'MILES',Mileage Deduction Calculator,,"v2: realtor audit story added."
SCPA-003,Draft,2026-07-23,12:00 PM,LinkedIn,Reel,AI for firms,"I run my CPA firm on AI I built without writing one line of code.","Hook: I built the AI systems that run my accounting firm — and I never wrote a line of code. // Real example from a recent Friday: a client forwarded an IRS CP2000 notice at 3pm. The old way, that's 45+ minutes of digging through guidance and drafting a response. // My AI assistant pulled the relevant code sections and drafted the response letter — with real citations — in under 10 minutes. I reviewed it, signed it, and it was out before 5pm. // Engagement letters that took 30 minutes now take 2. Monthly CFO reports auto-drafted from the books. 3,777 knowledge vectors across 40+ states — built entirely through natural language. // If you're a solo CPA or a 2–10 person firm, this is the unfair advantage of 2026. // Comment 'BUILD' and I'll show you where to start.",CP2000 answered in 10 min // 0 lines of code // 3,777 knowledge vectors,#cpa #accountingfirm #AIforaccountants #taxprofessionals #firmgrowth,Comment 'BUILD',AI Consulting (Assessment $500),,"LinkedIn native video = +69% reach. B2B lane. v2: CP2000 Friday-afternoon story added."
SCPA-004,Draft,2026-07-24,12:00 PM,Facebook + Instagram,Carousel,Save-worthy tips,"5 tax habits that quietly make you richer.","Slide 1: 5 tax habits that quietly make you richer → // Slide 2: Profitable LLC? Run the S-Corp math before December. One client saved about $8,500/year with a single election. // Slide 3: Log miles and snap receipts the same day. Memory loses audits — a realtor client lost a $5,600 deduction to a missing log. // Slide 4: Move 25% of every deposit into a separate tax account. A landscaping client did this for 12 months and covered his April tax bill in full — zero scramble. // Slide 5: Big purchase? Buy before Dec 31 to deduct this year. A contractor's December truck purchase cut about $11,000 off his bill. + Comment 'CALL' for a free 30-min review. // Client details anonymized. Educational only, not tax advice.",5 tax habits → swipe,#taxtips #smallbusinessfinance #bookkeeping #moneytips #entrepreneur,Comment 'CALL',Free 30-min Consultation,,"Carousel = high save rate. 5 slides. v2: each habit now carries a client example with a number."
SCPA-005,Draft,2026-07-25,12:00 PM,Facebook + Instagram,Reel,AI Agent,"I built an AI that answers your tax questions at 2am. $29.99. Once.","Hook: I built an AI tax assistant that answers your questions at 2am — for $29.99, one time, forever. // Real example: a bakery owner messaged it at 1:47am — 'Can I deduct my new $12,000 oven this year, or do I have to spread it out?' // Instant, plain-English answer: yes — Section 179 or bonus depreciation could expense it now, here's the difference between them, and here's what to confirm with your CPA. // It's trained on real IRS guidance and my firm's playbooks. No subscription. No waiting for tax season. // Comment 'SELAM' and I'll send you the link. // Not legal or tax advice.",Ask Selam // 1:47am oven question // $29.99 once,#taxhelp #aitools #smallbusiness #taxseason #cpa,Comment 'SELAM',Ask Selam AI Agent ($29.99),,"Screen-record the agent answering the oven question for the reel. v2: 1:47am bakery example added."
SCPA-006,Draft,2026-07-28,12:00 PM,Facebook + Instagram,Reel,Refund myth,"Got a big refund? You didn't win. You lost.","Hook: If you got a big tax refund this year, you didn't win — you lost. // Real example: a client got a $6,200 refund. That's $517 a month she over-paid the IRS all year — an interest-free loan to the government — while she carried a credit card balance at 24%. // We fixed her W-4 in one 20-minute meeting. Now that $517/month pays the card down first, then feeds her retirement account. // Adjust your withholding, keep your money, put it to work. // Comment 'CALL' for a free 30-minute review. // Client details anonymized. Educational only, not tax advice.",$6,200 refund = $517/mo loan to the IRS,#taxrefund #personalfinance #taxtips #moneytips #smallbusiness,Comment 'CALL',Free 30-min Consultation,,"v2: $6,200 refund vs 24% credit card example added."
SCPA-007,Draft,2026-07-29,12:00 PM,LinkedIn,Static,Fractional CFO,"You don't need a full-time CFO. You need a fractional one.","Revenue is up. Cash is a mystery. Sound familiar? // Real example: a $1.4M landscaping company came to us profitable on paper but sweating payroll every other Friday. // A 13-week cash-flow forecast found the leak: $62,000 sitting in overdue invoices and one big contract priced below cost. // We tightened collections, repriced the contract, and set up KPI dashboards. Ninety days later: payroll covered without stress and six weeks of cash in reserve. // That's what a fractional CFO does — forecasting, KPIs, and strategy for $800–$2,500/mo, not a $200k salary. // Comment 'CFO' or book a call. // Client details anonymized.",,#fractionalcfo #businessgrowth #cashflow #smallbusiness #cfo,Comment 'CFO',Fractional CFO,,"v2: $1.4M landscaping 90-day turnaround story added."
SCPA-008,Draft,2026-07-30,12:00 PM,Facebook + Instagram,Reel,Deductions,"Your home office is a deduction you're skipping.","Hook: If you work from home and you're not deducting your home office, you're leaving money on the table. // Real example: a freelance designer uses a 150 sq ft room in her 1,500 sq ft apartment — exclusively for work. // Simplified method: 150 sq ft × $5 = $750. Actual method: 10% of her $21,600 annual rent plus utilities came to about $2,400. // Same room. Running both numbers was worth $1,650 more. Most people never compare. // The catch: the space has to be regular and exclusive. We'll show you which method wins for you. // Comment 'OFFICE' for the free home office calculator. // Client details anonymized. Educational only, not tax advice.",$750 vs $2,400 — same room // Comment OFFICE,#homeoffice #taxdeductions #remotework #selfemployed #taxtips,Comment 'OFFICE',Home Office Deduction Calculator,,"v2: simplified-vs-actual worked example added."
SCPA-009,Draft,2026-07-31,12:00 PM,Facebook + Instagram,Reel,Bookkeeping,"Your books are a year behind. So are your decisions.","Hook: If your books are a year behind, your decisions are too. // Real example: a food-truck owner came to us 14 months behind. Catch-up bookkeeping showed his best-selling item was losing money on every sale — and $3,900 a year was leaking through forgotten software subscriptions. // He repriced one menu item, cancelled the subscriptions, and posted his first properly-measured profitable quarter. // Clean books mean clear decisions — monthly P&L, reconciled accounts, a CPA's eyes on it. // We do catch-up too — one project, fully current. Comment 'BOOKS' to start. // Client details anonymized. Grow with clarity.",14 months behind → profitable quarter,#bookkeeping #smallbusiness #quickbooks #catchupbookkeeping #cpa,Comment 'BOOKS',Bookkeeping / Catch-Up,,"v2: food-truck catch-up story added."
SCPA-010,Draft,2026-08-01,12:00 PM,LinkedIn,Reel,Audit / Assurance,"Your lender wants reviewed financials. Do you actually have them?","Hook: Your bank just asked for 'reviewed financial statements.' Do you know what that means — or where to get them? // Real example: a client applying for a $350,000 SBA 7(a) loan was told 'audited or reviewed financials required.' A full audit would have cost 3–4× more and taken months she didn't have. // Her lender actually only required a Review. We completed it in three weeks and the loan funded on schedule. // Three levels: Compilation, Review, Audit. The right one depends on who's asking and why. Pick wrong and you delay your funding — or overpay for assurance you don't need. // Comment 'CALL' and we'll scope the right level for you. // Client details anonymized.",Compilation / Review / Audit // $350k loan funded,#audit #financialstatements #sbaloans #smallbusiness #cpa,Comment 'CALL',Audit / Review / Compilation,,"v2: SBA 7(a) three-week Review story added."
SCPA-011,Draft,2026-08-04,12:00 PM,Facebook + Instagram,Reel,Year-end planning,"You have until Dec 31 to cut this year's tax bill. Most won't.","Hook: You have until December 31 to lower THIS year's tax bill — and most people will miss the window. // Real example: last December, a contractor client needed a new work truck anyway. He bought it December 15 instead of waiting for January — $48,000, fully deducted under Section 179 — and cut roughly $11,000 off that year's tax bill. // Same purchase, two weeks earlier, five figures saved. // Also on the table: retirement contributions, entity timing, bunching deductions. These moves take weeks to set up, not days — October–December is the planning window. // Comment 'CALL' for a year-end planning session. // Client details anonymized. Educational only, not tax advice.",Dec 15 truck = $11,000 saved // Deadline: Dec 31,#yearendtax #taxplanning #smallbusiness #section179 #taxstrategy,Comment 'CALL',Free 30-min Consultation,,"Run again in Oct/Nov with countdown. v2: December truck / Section 179 example added."
SCPA-012,Draft,2026-08-05,12:00 PM,Facebook + Instagram,Reel,Recordkeeping tripwire,"The $9.99 playbook that keeps you audit-ready all year.","Hook: Most small businesses fail an audit on one thing: messy records. // Real example: two of our clients were audited the same season. One spent three weekends digging through shoeboxes and still lost $7,200 in disallowed deductions. // The other had digital records — receipts snapped the same day, 7-year retention, e-signatures in order. Her audit closed with zero changes, and she pulled every document in one afternoon. // Same audit. The difference was the system. // I put that whole system into a $9.99 digital guide so you don't have to figure it out. // Comment 'GUIDE' for the link. // Client details anonymized. Educational only, not tax advice.",Shoebox: −$7,200 // System: zero changes // $9.99,#recordkeeping #smallbusiness #taxprep #bookkeeping #auditready,Comment 'GUIDE',Digital Accounting Guidelines ($9.99),,"v2: tale-of-two-audits example added."
